timestamp_monotonic_ms,timestamp_device_ms,source,rssi,rtt_ms,mac_address,ssid,csi_amp,csi_phase
4405758.147306,1769347808738.1807,linux_poll,-100.0,11.3,router,,[],[]
4405801.336041,1769347808781.3706,linux_poll,-100.0,11.2,router,,[],[]
4405848.795855001,1769347808828.8303,linux_poll,-100.0,11.3,router,,[],[]
4405899.507752,1769347808879.5425,linux_poll,-100.0,11.2,router,,[],[]
4405951.439216,1769347808931.4753,linux_poll,-100.0,11.4,router,,[],[]
4405996.798414,1769347808976.8335,linux_poll,-100.0,11.1,router,,[],[]
4406049.99407,1769347809030.0303,linux_poll,-100.0,11.3,router,,[],[]
4406102.908963,1769347809082.9453,linux_poll,-100.0,11.5,router,,[],[]
4406150.850451,1769347809130.8872,linux_poll,-100.0,11.3,router,,[],[]
4406199.924075999,1769347809179.959,linux_poll,-100.0,11.2,router,,[],[]
4406251.624965,1769347809231.6604,linux_poll,-100.0,11.6,router,,[],[]
4406302.567415,1769347809282.6028,linux_poll,-100.0,11.0,router,,[],[]
4406351.212417999,1769347809331.2493,linux_poll,-100.0,11.1,router,,[],[]
4406401.893708,1769347809381.9287,linux_poll,-100.0,11.1,router,,[],[]
4406453.339394,1769347809433.375,linux_poll,-100.0,10.7,router,,[],[]
4406502.592967999,1769347809482.628,linux_poll,-100.0,11.4,router,,[],[]
4406552.445628,1769347809532.4822,linux_poll,-100.0,10.8,router,,[],[]
4406602.773057001,1769347809582.8074,linux_poll,-100.0,11.1,router,,[],[]
4406652.667202,1769347809632.7034,linux_poll,-100.0,11.0,router,,[],[]
4406702.49978,1769347809682.5342,linux_poll,-100.0,11.2,router,,[],[]
4406748.741782,1769347809728.7786,linux_poll,-100.0,11.5,router,,[],[]
4406799.804966999,1769347809779.84,linux_poll,-100.0,11.4,router,,[],[]
4406850.898467,1769347809830.9343,linux_poll,-100.0,11.4,router,,[],[]
4406901.773247,1769347809881.8083,linux_poll,-100.0,11.1,router,,[],[]
4406950.792853001,1769347809930.8286,linux_poll,-100.0,11.1,router,,[],[]
4407003.296709,1769347809983.3328,linux_poll,-100.0,11.5,router,,[],[]
4407051.161336,1769347810031.1975,linux_poll,-100.0,11.2,router,,[],[]
4407103.78162,1769347810083.8174,linux_poll,-100.0,11.2,router,,[],[]
4407342.981724001,1769347810323.0168,linux_poll,-100.0,-1.0,router,,[],[]
4407382.715773,1769347810362.7515,linux_poll,-100.0,11.2,router,,[],[]
4407434.997108,1769347810415.0334,linux_poll,-100.0,11.1,router,,[],[]
4407484.590565,1769347810464.6257,linux_poll,-100.0,11.1,router,,[],[]
4407535.086886,1769347810515.1226,linux_poll,-100.0,11.3,router,,[],[]
4407583.2768749995,1769347810563.313,linux_poll,-100.0,11.2,router,,[],[]
4407635.862471,1769347810615.8997,linux_poll,-100.0,11.1,router,,[],[]
4407681.934138,1769347810661.9707,linux_poll,-100.0,11.1,router,,[],[]
4407736.653352,1769347810716.688,linux_poll,-100.0,11.4,router,,[],[]
4407787.1905310005,1769347810767.2258,linux_poll,-100.0,11.4,router,,[],[]
4407836.184443,1769347810816.2195,linux_poll,-100.0,11.2,router,,[],[]
4407887.0642760005,1769347810867.0999,linux_poll,-100.0,11.3,router,,[],[]
4407936.714978999,1769347810916.7507,linux_poll,-100.0,11.2,router,,[],[]
4407987.071037,1769347810967.106,linux_poll,-100.0,11.5,router,,[],[]
4408036.594331,1769347811016.6318,linux_poll,-100.0,11.2,router,,[],[]
4408088.657595,1769347811068.693,linux_poll,-100.0,11.4,router,,[],[]
4408137.078834,1769347811117.1138,linux_poll,-100.0,11.2,router,,[],[]
4408187.628857,1769347811167.664,linux_poll,-100.0,11.3,router,,[],[]
4408236.046349,1769347811216.0842,linux_poll,-100.0,11.2,router,,[],[]
4408285.053747,1769347811265.0896,linux_poll,-100.0,11.4,router,,[],[]
4408338.675805,1769347811318.712,linux_poll,-100.0,11.1,router,,[],[]
4408388.822988001,1769347811368.8584,linux_poll,-100.0,11.3,router,,[],[]
4408435.991321,1769347811416.028,linux_poll,-100.0,11.1,router,,[],[]
4408488.553696,1769347811468.5898,linux_poll,-100.0,11.3,router,,[],[]
4408538.686623001,1769347811518.7227,linux_poll,-100.0,11.2,router,,[],[]
4408589.047778,1769347811569.0837,linux_poll,-100.0,11.2,router,,[],[]
4408638.132107,1769347811618.168,linux_poll,-100.0,11.1,router,,[],[]
4408685.487094,1769347811665.523,linux_poll,-100.0,11.1,router,,[],[]
4408739.07067,1769347811719.1074,linux_poll,-100.0,11.4,router,,[],[]
4408785.080659,1769347811765.1155,linux_poll,-100.0,11.4,router,,[],[]
4408838.59865,1769347811818.634,linux_poll,-100.0,11.0,router,,[],[]
4408887.108127,1769347811867.1426,linux_poll,-100.0,10.7,router,,[],[]
4408940.612338,1769347811920.6477,linux_poll,-100.0,11.3,router,,[],[]
4408988.077985999,1769347811968.1138,linux_poll,-100.0,11.2,router,,[],[]
4409038.974379,1769347812019.011,linux_poll,-100.0,11.1,router,,[],[]
4409077.049374,1769347812057.0845,linux_poll,-100.0,11.5,router,,[],[]
4409139.561815,1769347812119.5977,linux_poll,-100.0,10.8,router,,[],[]
4409193.205071,1769347812173.2363,linux_poll,-100.0,11.4,router,,[],[]
4409239.631402,1769347812219.6672,linux_poll,-100.0,11.4,router,,[],[]
4409286.544213,1769347812266.58,linux_poll,-100.0,11.0,router,,[],[]
4409336.998359,1769347812317.0337,linux_poll,-100.0,11.3,router,,[],[]
4409390.358782,1769347812370.3926,linux_poll,-100.0,11.1,router,,[],[]
4409441.775151,1769347812421.8103,linux_poll,-100.0,11.5,router,,[],[]
4409489.486377,1769347812469.5225,linux_poll,-100.0,11.0,router,,[],[]
4409540.664332001,1769347812520.6997,linux_poll,-100.0,11.3,router,,[],[]
4409592.099303001,1769347812572.1348,linux_poll,-100.0,11.2,router,,[],[]
4409640.623105,1769347812620.6584,linux_poll,-100.0,11.3,router,,[],[]
4409687.800185,1769347812667.836,linux_poll,-100.0,11.1,router,,[],[]
4409740.748187,1769347812720.7834,linux_poll,-100.0,11.4,router,,[],[]
4409792.19979,1769347812772.235,linux_poll,-100.0,11.4,router,,[],[]
4409842.556677001,1769347812822.5913,linux_poll,-100.0,11.3,router,,[],[]
4409890.799032001,1769347812870.8342,linux_poll,-100.0,11.1,router,,[],[]
4409942.086267,1769347812922.1196,linux_poll,-100.0,11.3,router,,[],[]
4409990.728574,1769347812970.7634,linux_poll,-100.0,11.1,router,,[],[]
4410042.045415,1769347813022.0815,linux_poll,-100.0,11.1,router,,[],[]
4410087.578555,1769347813067.6128,linux_poll,-100.0,11.1,router,,[],[]
4410140.739027,1769347813120.774,linux_poll,-100.0,11.1,router,,[],[]
4410192.299617,1769347813172.3335,linux_poll,-100.0,11.5,router,,[],[]
4410244.589106,1769347813224.6235,linux_poll,-100.0,12.3,router,,[],[]
4410290.556656,1769347813270.592,linux_poll,-100.0,11.2,router,,[],[]
4410343.053223001,1769347813323.089,linux_poll,-100.0,11.0,router,,[],[]
4410393.725742999,1769347813373.762,linux_poll,-100.0,11.3,router,,[],[]
4410442.669654001,1769347813422.705,linux_poll,-100.0,11.5,router,,[],[]
4410494.560739,1769347813474.5962,linux_poll,-100.0,11.1,router,,[],[]
4410540.991181999,1769347813521.028,linux_poll,-100.0,11.4,router,,[],[]
4410593.606953,1769347813573.6416,linux_poll,-100.0,11.4,router,,[],[]
4410642.667915,1769347813622.7034,linux_poll,-100.0,11.3,router,,[],[]
4410692.978246001,1769347813673.0137,linux_poll,-100.0,11.2,router,,[],[]
4410743.625725,1769347813723.6614,linux_poll,-100.0,12.0,router,,[],[]
4410789.788933,1769347813769.8245,linux_poll,-100.0,11.5,router,,[],[]
4410845.590516,1769347813825.626,linux_poll,-100.0,11.4,router,,[],[]
4410893.572535,1769347813873.608,linux_poll,-100.0,11.4,router,,[],[]
4410941.058601,1769347813921.095,linux_poll,-100.0,11.4,router,,[],[]
4410992.681904,1769347813972.7163,linux_poll,-100.0,11.5,router,,[],[]
4411045.612982,1769347814025.648,linux_poll,-100.0,11.1,router,,[],[]
4411092.121676,1769347814072.1575,linux_poll,-100.0,11.3,router,,[],[]
4411144.695785,1769347814124.7307,linux_poll,-100.0,11.4,router,,[],[]
4411189.537873,1769347814169.5737,linux_poll,-100.0,11.4,router,,[],[]
4411246.62133,1769347814226.6558,linux_poll,-100.0,11.6,router,,[],[]
4411295.090275,1769347814275.1248,linux_poll,-100.0,11.5,router,,[],[]
4411347.073613,1769347814327.109,linux_poll,-100.0,11.9,router,,[],[]
4411391.091980999,1769347814371.1272,linux_poll,-100.0,11.3,router,,[],[]
4411445.603135,1769347814425.638,linux_poll,-100.0,11.4,router,,[],[]
4411496.749585,1769347814476.785,linux_poll,-100.0,11.1,router,,[],[]
4411541.975424,1769347814522.012,linux_poll,-100.0,11.0,router,,[],[]
4411593.321592,1769347814573.3572,linux_poll,-100.0,11.4,router,,[],[]
4411644.709629,1769347814624.746,linux_poll,-100.0,11.1,router,,[],[]
4411693.212907,1769347814673.2485,linux_poll,-100.0,11.6,router,,[],[]
4411746.589008001,1769347814726.623,linux_poll,-100.0,11.2,router,,[],[]
4411796.6253,1769347814776.6604,linux_poll,-100.0,11.3,router,,[],[]
4411845.673644001,1769347814825.7078,linux_poll,-100.0,11.1,router,,[],[]
4411896.575779,1769347814876.6108,linux_poll,-100.0,11.1,router,,[],[]
4411945.759586001,1769347814925.7952,linux_poll,-100.0,11.3,router,,[],[]
4411996.995197,1769347814977.0308,linux_poll,-100.0,11.2,router,,[],[]
4412047.319647,1769347815027.3533,linux_poll,-100.0,11.3,router,,[],[]
4412096.562030001,1769347815076.5972,linux_poll,-100.0,11.4,router,,[],[]
4412146.592991,1769347815126.6277,linux_poll,-100.0,11.5,router,,[],[]
4412197.212612,1769347815177.2473,linux_poll,-100.0,11.6,router,,[],[]
4412249.48924,1769347815229.5227,linux_poll,-100.0,11.3,router,,[],[]
4412299.201603,1769347815279.236,linux_poll,-100.0,11.1,router,,[],[]
4412346.579902,1769347815326.615,linux_poll,-100.0,11.3,router,,[],[]
4412397.789294,1769347815377.8242,linux_poll,-100.0,11.4,router,,[],[]
4412445.774546,1769347815425.8076,linux_poll,-100.0,11.6,router,,[],[]
4412498.43027,1769347815478.4653,linux_poll,-100.0,11.2,router,,[],[]
4412549.191476,1769347815529.2266,linux_poll,-100.0,11.5,router,,[],[]
4412597.283346999,1769347815577.319,linux_poll,-100.0,11.3,router,,[],[]
4412649.663302,1769347815629.6975,linux_poll,-100.0,11.3,router,,[],[]
4412700.477411,1769347815680.513,linux_poll,-100.0,11.4,router,,[],[]
4412746.351400999,1769347815726.3872,linux_poll,-100.0,11.5,router,,[],[]
4412794.861912,1769347815774.8967,linux_poll,-100.0,11.3,router,,[],[]
4412849.802476999,1769347815829.8372,linux_poll,-100.0,11.2,router,,[],[]
4412898.858992,1769347815878.893,linux_poll,-100.0,11.3,router,,[],[]
4412949.798585,1769347815929.833,linux_poll,-100.0,11.3,router,,[],[]
4412997.948847,1769347815977.984,linux_poll,-100.0,11.7,router,,[],[]
4413049.436387001,1769347816029.471,linux_poll,-100.0,11.2,router,,[],[]
4413101.3494299995,1769347816081.3838,linux_poll,-100.0,11.1,router,,[],[]
4413149.630845,1769347816129.6665,linux_poll,-100.0,11.4,router,,[],[]
4413197.6228060005,1769347816177.6577,linux_poll,-100.0,11.3,router,,[],[]
4413248.405599,1769347816228.442,linux_poll,-100.0,11.2,router,,[],[]
4413299.458626,1769347816279.4934,linux_poll,-100.0,11.2,router,,[],[]
4413348.385508,1769347816328.4211,linux_poll,-100.0,11.2,router,,[],[]
4413401.80915,1769347816381.8442,linux_poll,-100.0,11.5,router,,[],[]
4413450.676628,1769347816430.7112,linux_poll,-100.0,11.4,router,,[],[]
4413501.802816,1769347816481.8374,linux_poll,-100.0,11.3,router,,[],[]
4413546.574433001,1769347816526.6094,linux_poll,-100.0,11.5,router,,[],[]
4413601.894421,1769347816581.9285,linux_poll,-100.0,11.4,router,,[],[]
4413651.356245,1769347816631.3933,linux_poll,-100.0,11.2,router,,[],[]
4413703.387876,1769347816683.4243,linux_poll,-100.0,11.1,router,,[],[]
4413751.757979999,1769347816731.7937,linux_poll,-100.0,11.0,router,,[],[]
4413803.588273999,1769347816783.6228,linux_poll,-100.0,11.3,router,,[],[]
4413852.6716599995,1769347816832.707,linux_poll,-100.0,11.1,router,,[],[]
4413903.450992,1769347816883.4856,linux_poll,-100.0,11.8,router,,[],[]
4413950.47077,1769347816930.506,linux_poll,-100.0,10.7,router,,[],[]
4414001.382630999,1769347816981.4167,linux_poll,-100.0,11.0,router,,[],[]
4414051.488004,1769347817031.5227,linux_poll,-100.0,11.4,router,,[],[]
4414102.789587,1769347817082.824,linux_poll,-100.0,11.1,router,,[],[]
4414150.588429,1769347817130.624,linux_poll,-100.0,11.2,router,,[],[]
4414204.437822,1769347817184.4727,linux_poll,-100.0,11.5,router,,[],[]
4414250.556717,1769347817230.592,linux_poll,-100.0,11.3,router,,[],[]
4414303.780645,1769347817283.8152,linux_poll,-100.0,11.4,router,,[],[]
4414350.717292,1769347817330.7537,linux_poll,-100.0,11.4,router,,[],[]
4414401.6168019995,1769347817381.6514,linux_poll,-100.0,11.4,router,,[],[]
4414453.6989939995,1769347817433.7327,linux_poll,-100.0,11.4,router,,[],[]
4414501.783149,1769347817481.8179,linux_poll,-100.0,11.0,router,,[],[]
4414554.324032,1769347817534.3596,linux_poll,-100.0,11.1,router,,[],[]
4414603.451362,1769347817583.4863,linux_poll,-100.0,11.3,router,,[],[]
4414653.747412,1769347817633.7832,linux_poll,-100.0,11.7,router,,[],[]
4414704.80452,1769347817684.8398,linux_poll,-100.0,11.3,router,,[],[]
4414754.754507001,1769347817734.79,linux_poll,-100.0,12.1,router,,[],[]
4414804.7072910005,1769347817784.7417,linux_poll,-100.0,11.1,router,,[],[]
4414854.85613,1769347817834.8909,linux_poll,-100.0,11.4,router,,[],[]
4414904.406300999,1769347817884.4414,linux_poll,-100.0,11.4,router,,[],[]
4414954.381298,1769347817934.417,linux_poll,-100.0,11.4,router,,[],[]
4415002.628215,1769347817982.6626,linux_poll,-100.0,11.3,router,,[],[]
4415053.58928,1769347818033.6248,linux_poll,-100.0,11.1,router,,[],[]
4415106.24207,1769347818086.2766,linux_poll,-100.0,11.4,router,,[],[]
4415155.539767,1769347818135.5754,linux_poll,-100.0,11.2,router,,[],[]
4415206.087952,1769347818186.122,linux_poll,-100.0,10.9,router,,[],[]
4415255.267175,1769347818235.3008,linux_poll,-100.0,11.1,router,,[],[]
4415305.615959,1769347818285.65,linux_poll,-100.0,11.4,router,,[],[]
4415349.624674,1769347818329.6575,linux_poll,-100.0,11.4,router,,[],[]
4415407.714893,1769347818387.7495,linux_poll,-100.0,11.5,router,,[],[]
4415455.743162,1769347818435.7766,linux_poll,-100.0,10.8,router,,[],[]
4415505.658115,1769347818485.692,linux_poll,-100.0,11.5,router,,[],[]
4415555.146643,1769347818535.1814,linux_poll,-100.0,11.0,router,,[],[]
4415607.200229,1769347818587.2341,linux_poll,-100.0,11.2,router,,[],[]
4415656.025653999,1769347818636.0417,linux_poll,-100.0,11.2,router,,[],[]
4415707.361476,1769347818687.3955,linux_poll,-100.0,11.4,router,,[],[]
4415757.664939,1769347818737.6992,linux_poll,-100.0,11.1,router,,[],[]
4415806.630128,1769347818786.666,linux_poll,-100.0,11.4,router,,[],[]
4415856.533492001,1769347818836.5686,linux_poll,-100.0,11.4,router,,[],[]
4415907.026963,1769347818887.062,linux_poll,-100.0,11.1,router,,[],[]
4415957.621413,1769347818937.6575,linux_poll,-100.0,11.2,router,,[],[]
4416005.555261999,1769347818985.5889,linux_poll,-100.0,11.1,router,,[],[]
4416055.205963,1769347819035.2402,linux_poll,-100.0,11.4,router,,[],[]
4416109.64633,1769347819089.681,linux_poll,-100.0,11.1,router,,[],[]
4416159.095727,1769347819139.131,linux_poll,-100.0,11.1,router,,[],[]
4416207.233951,1769347819187.2703,linux_poll,-100.0,11.5,router,,[],[]
4416257.595637,1769347819237.6313,linux_poll,-100.0,11.1,router,,[],[]
4416307.219597,1769347819287.254,linux_poll,-100.0,11.0,router,,[],[]
4416359.306811,1769347819339.3403,linux_poll,-100.0,11.6,router,,[],[]
4416406.228858,1769347819386.265,linux_poll,-100.0,11.3,router,,[],[]
4416457.505219,1769347819437.5396,linux_poll,-100.0,11.0,router,,[],[]
4416510.427806,1769347819490.4617,linux_poll,-100.0,11.9,router,,[],[]
4416558.801495,1769347819538.8362,linux_poll,-100.0,11.3,router,,[],[]
4416608.210868,1769347819588.2449,linux_poll,-100.0,11.1,router,,[],[]
4416658.253002,1769347819638.2866,linux_poll,-100.0,11.3,router,,[],[]
4416709.630177,1769347819689.6638,linux_poll,-100.0,11.2,router,,[],[]
4416761.083696,1769347819741.1194,linux_poll,-100.0,11.4,router,,[],[]
4416808.633477,1769347819788.6692,linux_poll,-100.0,11.3,router,,[],[]
4416860.072213001,1769347819840.1072,linux_poll,-100.0,11.1,router,,[],[]
4416911.280542,1769347819891.3152,linux_poll,-100.0,11.6,router,,[],[]
4416961.331775,1769347819941.3662,linux_poll,-100.0,11.5,router,,[],[]
4417009.6682319995,1769347819989.7021,linux_poll,-100.0,11.4,router,,[],[]
4417060.223296,1769347820040.2583,linux_poll,-100.0,11.2,router,,[],[]
4417111.2125039995,1769347820091.2463,linux_poll,-100.0,11.1,router,,[],[]
4417158.233597,1769347820138.2683,linux_poll,-100.0,11.3,router,,[],[]
4417210.3143730005,1769347820190.3486,linux_poll,-100.0,11.8,router,,[],[]
4417261.630897,1769347820241.6653,linux_poll,-100.0,11.3,router,,[],[]
4417311.663345,1769347820291.6975,linux_poll,-100.0,11.5,router,,[],[]
4417362.097786999,1769347820342.1328,linux_poll,-100.0,11.4,router,,[],[]
4417410.596585,1769347820390.6316,linux_poll,-100.0,11.2,router,,[],[]
4417460.577533999,1769347820440.612,linux_poll,-100.0,11.4,router,,[],[]
4417511.740699001,1769347820491.7764,linux_poll,-100.0,11.4,router,,[],[]
4417564.250616999,1769347820544.286,linux_poll,-100.0,11.5,router,,[],[]
4417611.550179,1769347820591.5857,linux_poll,-100.0,11.2,router,,[],[]
4417661.878392001,1769347820641.9143,linux_poll,-100.0,11.3,router,,[],[]
4417712.8321589995,1769347820692.8677,linux_poll,-100.0,11.1,router,,[],[]
4417761.403423,1769347820741.4382,linux_poll,-100.0,11.4,router,,[],[]
4417812.847581,1769347820792.8828,linux_poll,-100.0,11.4,router,,[],[]
4417862.387816,1769347820842.4226,linux_poll,-100.0,11.0,router,,[],[]
4417913.694038,1769347820893.7275,linux_poll,-100.0,11.5,router,,[],[]
4417962.522717,1769347820942.5571,linux_poll,-100.0,11.1,router,,[],[]
4418012.421253,1769347820992.457,linux_poll,-100.0,11.6,router,,[],[]
4418061.86243,1769347821041.897,linux_poll,-100.0,11.1,router,,[],[]
4418110.451454001,1769347821090.4873,linux_poll,-100.0,11.2,router,,[],[]
4418163.861127,1769347821143.8967,linux_poll,-100.0,11.5,router,,[],[]
4418212.4732530005,1769347821192.5083,linux_poll,-100.0,11.3,router,,[],[]
4418260.856866,1769347821240.892,linux_poll,-100.0,11.2,router,,[],[]
4418314.81731,1769347821294.8508,linux_poll,-100.0,11.4,router,,[],[]
4418363.842726001,1769347821343.879,linux_poll,-100.0,11.1,router,,[],[]
4418413.572888,1769347821393.609,linux_poll,-100.0,12.2,router,,[],[]
4418461.990844,1769347821442.0256,linux_poll,-100.0,11.2,router,,[],[]
4418514.8864009995,1769347821494.9214,linux_poll,-100.0,11.4,router,,[],[]
4418569.37034,1769347821549.407,linux_poll,-100.0,11.3,router,,[],[]
4418611.876203,1769347821591.9133,linux_poll,-100.0,11.5,router,,[],[]
4418661.334946,1769347821641.3699,linux_poll,-100.0,11.4,router,,[],[]
4418714.893708999,1769347821694.9292,linux_poll,-100.0,11.2,router,,[],[]
4418763.451344,1769347821743.486,linux_poll,-100.0,11.5,router,,[],[]
4418814.618613,1769347821794.6543,linux_poll,-100.0,11.1,router,,[],[]
4418864.845973,1769347821844.8804,linux_poll,-100.0,11.6,router,,[],[]
4418915.7146890005,1769347821895.7495,linux_poll,-100.0,11.5,router,,[],[]
4418962.684272,1769347821942.7178,linux_poll,-100.0,11.3,router,,[],[]
4419011.340035999,1769347821991.3752,linux_poll,-100.0,11.0,router,,[],[]
4419065.85981,1769347822045.8943,linux_poll,-100.0,11.1,router,,[],[]
4419113.932282,1769347822093.9678,linux_poll,-100.0,11.5,router,,[],[]
4419163.373167,1769347822143.4084,linux_poll,-100.0,11.0,router,,[],[]
4419215.284798,1769347822195.3196,linux_poll,-100.0,11.5,router,,[],[]
4419265.749241,1769347822245.7834,linux_poll,-100.0,11.2,router,,[],[]
4419316.83304,1769347822296.8677,linux_poll,-100.0,11.4,router,,[],[]
4419361.368549,1769347822341.4036,linux_poll,-100.0,11.1,router,,[],[]
4419414.517690999,1769347822394.5535,linux_poll,-100.0,11.3,router,,[],[]
4419463.492943,1769347822443.5278,linux_poll,-100.0,11.4,router,,[],[]
4419515.255547,1769347822495.2903,linux_poll,-100.0,11.2,router,,[],[]
4419566.40205,1769347822546.4377,linux_poll,-100.0,11.4,router,,[],[]
4419615.843124,1769347822595.8782,linux_poll,-100.0,11.1,router,,[],[]
4419665.9118139995,1769347822645.947,linux_poll,-100.0,11.4,router,,[],[]
4419714.707878,1769347822694.742,linux_poll,-100.0,11.4,router,,[],[]
4419766.795386,1769347822746.83,linux_poll,-100.0,11.3,router,,[],[]
4419813.985646,1769347822794.0203,linux_poll,-100.0,11.1,router,,[],[]
4419868.219337,1769347822848.254,linux_poll,-100.0,11.4,router,,[],[]
4419917.116206001,1769347822897.1511,linux_poll,-100.0,11.2,router,,[],[]
4419968.320153,1769347822948.3555,linux_poll,-100.0,11.4,router,,[],[]
4420015.533774,1769347822995.5698,linux_poll,-100.0,11.0,router,,[],[]
4420067.646018,1769347823047.6807,linux_poll,-100.0,11.1,router,,[],[]
4420119.200199001,1769347823099.2356,linux_poll,-100.0,11.1,router,,[],[]
4420168.610992,1769347823148.646,linux_poll,-100.0,11.2,router,,[],[]
4420217.525428,1769347823197.561,linux_poll,-100.0,10.8,router,,[],[]
4420268.279396,1769347823248.314,linux_poll,-100.0,11.4,router,,[],[]
4420319.807387,1769347823299.842,linux_poll,-100.0,11.2,router,,[],[]
4420368.874556,1769347823348.9087,linux_poll,-100.0,11.2,router,,[],[]
4420415.724567001,1769347823395.761,linux_poll,-100.0,11.5,router,,[],[]
4420468.853098,1769347823448.8882,linux_poll,-100.0,11.5,router,,[],[]
4420518.792824999,1769347823498.828,linux_poll,-100.0,11.4,router,,[],[]
4420568.432147,1769347823548.467,linux_poll,-100.0,11.0,router,,[],[]
4420618.320228,1769347823598.3545,linux_poll,-100.0,11.4,router,,[],[]
4420670.62286,1769347823650.6577,linux_poll,-100.0,11.5,router,,[],[]
4420720.777832,1769347823700.8125,linux_poll,-100.0,13.2,router,,[],[]
4420766.8849760005,1769347823746.92,linux_poll,-100.0,11.2,router,,[],[]
4420819.286102,1769347823799.3215,linux_poll,-100.0,10.9,router,,[],[]
4420869.444176,1769347823849.479,linux_poll,-100.0,11.3,router,,[],[]
4420919.399947,1769347823899.436,linux_poll,-100.0,11.2,router,,[],[]
4420968.730803,1769347823948.7646,linux_poll,-100.0,11.5,router,,[],[]
4421013.393347,1769347823993.4287,linux_poll,-100.0,11.3,router,,[],[]
4421066.404107001,1769347824046.4395,linux_poll,-100.0,11.2,router,,[],[]
4421117.8201049995,1769347824097.8552,linux_poll,-100.0,11.5,router,,[],[]
4421168.895886,1769347824148.931,linux_poll,-100.0,11.2,router,,[],[]
4421220.382976,1769347824200.418,linux_poll,-100.0,11.1,router,,[],[]
4421270.595633,1769347824250.6316,linux_poll,-100.0,11.2,router,,[],[]
4421320.677653,1769347824300.7136,linux_poll,-100.0,11.5,router,,[],[]
4421371.043139,1769347824351.0789,linux_poll,-100.0,11.6,router,,[],[]
4421418.789733999,1769347824398.8252,linux_poll,-100.0,11.0,router,,[],[]
4421471.432303,1769347824451.4678,linux_poll,-100.0,11.1,router,,[],[]
4421518.836186999,1769347824498.8708,linux_poll,-100.0,11.2,router,,[],[]
4421571.491043,1769347824551.5266,linux_poll,-100.0,11.3,router,,[],[]
4421622.820536001,1769347824602.8555,linux_poll,-100.0,11.2,router,,[],[]
4421671.511666,1769347824651.547,linux_poll,-100.0,11.0,router,,[],[]
4421718.535224,1769347824698.5684,linux_poll,-100.0,11.0,router,,[],[]
4421772.396708,1769347824752.4297,linux_poll,-100.0,11.1,router,,[],[]
4421820.382130001,1769347824800.4167,linux_poll,-100.0,11.4,router,,[],[]
4421872.799485,1769347824852.8335,linux_poll,-100.0,11.3,router,,[],[]
4421923.927635,1769347824903.9622,linux_poll,-100.0,11.5,router,,[],[]
4421970.998655,1769347824951.034,linux_poll,-100.0,11.2,router,,[],[]
4422015.360731,1769347824995.3958,linux_poll,-100.0,11.2,router,,[],[]
4422072.733122,1769347825052.768,linux_poll,-100.0,11.0,router,,[],[]
4422121.269669,1769347825101.305,linux_poll,-100.0,10.9,router,,[],[]
4422172.810516999,1769347825152.8464,linux_poll,-100.0,11.4,router,,[],[]
4422220.871460999,1769347825200.906,linux_poll,-100.0,11.0,router,,[],[]
4422272.814783,1769347825252.8489,linux_poll,-100.0,11.3,router,,[],[]
4422323.743131,1769347825303.777,linux_poll,-100.0,11.4,router,,[],[]
4422371.639998,1769347825351.675,linux_poll,-100.0,11.1,router,,[],[]
4422421.5953009995,1769347825401.629,linux_poll,-100.0,11.4,router,,[],[]
4422471.508338,1769347825451.5437,linux_poll,-100.0,11.4,router,,[],[]
4422524.810215,1769347825504.8445,linux_poll,-100.0,11.6,router,,[],[]
4422573.947885999,1769347825553.984,linux_poll,-100.0,11.3,router,,[],[]
4422620.661267,1769347825600.697,linux_poll,-100.0,11.4,router,,[],[]
4422671.851480001,1769347825651.8872,linux_poll,-100.0,11.3,router,,[],[]
4422730.351061,1769347825710.3867,linux_poll,-100.0,16.9,router,,[],[]
4422774.356867,1769347825754.3918,linux_poll,-100.0,11.5,router,,[],[]
4422823.860897,1769347825803.8955,linux_poll,-100.0,11.3,router,,[],[]
4422870.5569710005,1769347825850.5913,linux_poll,-100.0,11.3,router,,[],[]
4422925.210425,1769347825905.244,linux_poll,-100.0,11.3,router,,[],[]
4422975.073099,1769347825955.108,linux_poll,-100.0,11.2,router,,[],[]
4423023.185605001,1769347826003.2205,linux_poll,-100.0,11.1,router,,[],[]
4423072.969464,1769347826053.0059,linux_poll,-100.0,11.6,router,,[],[]
4423125.972200001,1769347826106.0059,linux_poll,-100.0,11.4,router,,[],[]
4423174.552712999,1769347826154.5881,linux_poll,-100.0,11.2,router,,[],[]
4423223.719658,1769347826203.754,linux_poll,-100.0,11.5,router,,[],[]
4423274.209567,1769347826254.2434,linux_poll,-100.0,11.2,router,,[],[]
4423325.222064,1769347826305.2566,linux_poll,-100.0,11.3,router,,[],[]
4423374.625270001,1769347826354.6602,linux_poll,-100.0,11.3,router,,[],[]
4423426.688263,1769347826406.7234,linux_poll,-100.0,11.5,router,,[],[]
4423474.231946,1769347826454.2651,linux_poll,-100.0,11.2,router,,[],[]
4423523.83555,1769347826503.8708,linux_poll,-100.0,11.4,router,,[],[]
4423575.981553,1769347826556.0183,linux_poll,-100.0,11.3,router,,[],[]
4423625.623674,1769347826605.6587,linux_poll,-100.0,11.3,router,,[],[]
4423666.226156,1769347826646.2603,linux_poll,-100.0,11.5,router,,[],[]
4423723.773167,1769347826703.8071,linux_poll,-100.0,11.3,router,,[],[]
4423776.577007,1769347826756.6125,linux_poll,-100.0,11.0,router,,[],[]
4423825.627008,1769347826805.6606,linux_poll,-100.0,11.5,router,,[],[]
4423875.3019779995,1769347826855.336,linux_poll,-100.0,11.2,router,,[],[]
4423927.708436,1769347826907.7427,linux_poll,-100.0,11.2,router,,[],[]
4423978.088831,1769347826958.1235,linux_poll,-100.0,11.3,router,,[],[]
4424027.046771,1769347827007.0828,linux_poll,-100.0,11.3,router,,[],[]
4424077.571908,1769347827057.6067,linux_poll,-100.0,11.1,router,,[],[]
4424126.568149,1769347827106.6028,linux_poll,-100.0,11.2,router,,[],[]
4424177.226008,1769347827157.261,linux_poll,-100.0,11.1,router,,[],[]
4424227.0737540005,1769347827207.109,linux_poll,-100.0,11.3,router,,[],[]
4424274.965427,1769347827255.0005,linux_poll,-100.0,11.3,router,,[],[]
4424327.364009,1769347827307.3992,linux_poll,-100.0,11.2,router,,[],[]
4424375.251399,1769347827355.2866,linux_poll,-100.0,11.4,router,,[],[]
4424425.257623,1769347827405.293,linux_poll,-100.0,11.2,router,,[],[]
4424476.234432,1769347827456.2703,linux_poll,-100.0,11.3,router,,[],[]
4424529.102187,1769347827509.1367,linux_poll,-100.0,11.4,router,,[],[]
4424575.608797001,1769347827555.645,linux_poll,-100.0,11.3,router,,[],[]
4424627.6411999995,1769347827607.6765,linux_poll,-100.0,11.0,router,,[],[]
4424677.783578,1769347827657.8186,linux_poll,-100.0,11.6,router,,[],[]
4424729.7976,1769347827709.833,linux_poll,-100.0,13.3,router,,[],[]
4424780.700505,1769347827760.737,linux_poll,-100.0,11.5,router,,[],[]
4424825.51892,1769347827805.5552,linux_poll,-100.0,11.1,router,,[],[]
4424879.303881,1769347827859.339,linux_poll,-100.0,11.5,router,,[],[]
4424928.717689999,1769347827908.753,linux_poll,-100.0,11.2,router,,[],[]
4424980.183112999,1769347827960.2192,linux_poll,-100.0,11.6,router,,[],[]
4425028.581012,1769347828008.6174,linux_poll,-100.0,11.1,router,,[],[]
4425077.20886,1769347828057.2454,linux_poll,-100.0,11.6,router,,[],[]
4425129.277469,1769347828109.3132,linux_poll,-100.0,11.5,router,,[],[]
4425180.268622,1769347828160.3047,linux_poll,-100.0,11.7,router,,[],[]
4425228.963363,1769347828208.9998,linux_poll,-100.0,11.3,router,,[],[]
4425280.672879,1769347828260.7092,linux_poll,-100.0,11.4,router,,[],[]
4425329.677294,1769347828309.713,linux_poll,-100.0,11.1,router,,[],[]
4425378.526919,1769347828358.564,linux_poll,-100.0,11.0,router,,[],[]
4425425.681881,1769347828405.7175,linux_poll,-100.0,11.4,router,,[],[]
4425470.605177,1769347828450.6404,linux_poll,-100.0,11.4,router,,[],[]
4425529.8565960005,1769347828509.8914,linux_poll,-100.0,11.5,router,,[],[]
4425579.369283,1769347828559.405,linux_poll,-100.0,11.4,router,,[],[]
4425630.4405350005,1769347828610.4758,linux_poll,-100.0,11.2,router,,[],[]
4425682.421722,1769347828662.4563,linux_poll,-100.0,11.2,router,,[],[]
4425730.597832999,1769347828710.633,linux_poll,-100.0,11.6,router,,[],[]
4425780.864104999,1769347828760.9,linux_poll,-100.0,11.4,router,,[],[]
4425829.311957,1769347828809.3489,linux_poll,-100.0,11.2,router,,[],[]
4425874.498693,1769347828854.533,linux_poll,-100.0,11.0,router,,[],[]
4425932.807492,1769347828912.8418,linux_poll,-100.0,11.3,router,,[],[]
4425981.38286,1769347828961.4185,linux_poll,-100.0,11.4,router,,[],[]
4426032.285428001,1769347829012.323,linux_poll,-100.0,11.2,router,,[],[]
4426066.617602,1769347829046.6562,linux_poll,-100.0,11.5,router,,[],[]
4426117.732573,1769347829097.7715,linux_poll,-100.0,11.4,router,,[],[]
4426183.480475,1769347829163.515,linux_poll,-100.0,11.1,router,,[],[]
4426233.700384,1769347829213.7368,linux_poll,-100.0,11.4,router,,[],[]
4426281.417719,1769347829261.4534,linux_poll,-100.0,11.2,router,,[],[]
4426331.401156,1769347829311.437,linux_poll,-100.0,11.5,router,,[],[]
4426383.775027,1769347829363.8096,linux_poll,-100.0,11.2,router,,[],[]
4426434.650217,1769347829414.6848,linux_poll,-100.0,11.5,router,,[],[]
4426480.537345,1769347829460.571,linux_poll,-100.0,11.2,router,,[],[]
4426533.41329,1769347829513.4475,linux_poll,-100.0,11.3,router,,[],[]
4426583.8911500005,1769347829563.9265,linux_poll,-100.0,11.2,router,,[],[]
4426632.375905,1769347829612.4116,linux_poll,-100.0,11.1,router,,[],[]
4426684.723043,1769347829664.758,linux_poll,-100.0,11.1,router,,[],[]
4426739.566122,1769347829719.6016,linux_poll,-100.0,16.2,router,,[],[]
4426783.435238,1769347829763.4695,linux_poll,-100.0,11.3,router,,[],[]
4426829.666994999,1769347829809.705,linux_poll,-100.0,11.2,router,,[],[]
4426884.284725,1769347829864.3206,linux_poll,-100.0,11.3,router,,[],[]
4426932.776435,1769347829912.8115,linux_poll,-100.0,11.4,router,,[],[]
4426983.957168001,1769347829963.9915,linux_poll,-100.0,11.5,router,,[],[]
4427035.813442,1769347830015.85,linux_poll,-100.0,11.4,router,,[],[]
4427081.439823001,1769347830061.474,linux_poll,-100.0,11.6,router,,[],[]
4427133.684909,1769347830113.7205,linux_poll,-100.0,11.2,router,,[],[]
4427185.9769709995,1769347830166.0107,linux_poll,-100.0,11.2,router,,[],[]
4427236.268333,1769347830216.3066,linux_poll,-100.0,11.3,router,,[],[]
4427278.846494,1769347830258.88,linux_poll,-100.0,11.3,router,,[],[]
4427332.787056,1769347830312.8223,linux_poll,-100.0,11.4,router,,[],[]
4427386.8248,1769347830366.8594,linux_poll,-100.0,11.1,router,,[],[]
4427433.788102999,1769347830413.8245,linux_poll,-100.0,11.2,router,,[],[]
4427485.866001001,1769347830465.902,linux_poll,-100.0,11.5,router,,[],[]
4427535.465494,1769347830515.4995,linux_poll,-100.0,11.5,router,,[],[]
4427581.5662980005,1769347830561.6018,linux_poll,-100.0,11.2,router,,[],[]
4427636.36898,1769347830616.404,linux_poll,-100.0,11.5,router,,[],[]
4427684.751986001,1769347830664.7886,linux_poll,-100.0,11.4,router,,[],[]
4427736.372893,1769347830716.408,linux_poll,-100.0,11.5,router,,[],[]
4427787.436996,1769347830767.4727,linux_poll,-100.0,11.2,router,,[],[]
4427836.264629,1769347830816.2998,linux_poll,-100.0,11.4,router,,[],[]
4427883.304524,1769347830863.3408,linux_poll,-100.0,11.1,router,,[],[]
4427935.417437,1769347830915.4526,linux_poll,-100.0,11.4,router,,[],[]
4427987.907433,1769347830967.943,linux_poll,-100.0,11.4,router,,[],[]
4428037.890626,1769347831017.9253,linux_poll,-100.0,11.5,router,,[],[]
4428088.664395,1769347831068.7002,linux_poll,-100.0,11.5,router,,[],[]
4428138.242465,1769347831118.2769,linux_poll,-100.0,11.5,router,,[],[]
4428187.538665,1769347831167.574,linux_poll,-100.0,11.2,router,,[],[]
4428237.469927,1769347831217.5066,linux_poll,-100.0,11.3,router,,[],[]
4428282.677066,1769347831262.7122,linux_poll,-100.0,11.6,router,,[],[]
4428335.194523,1769347831315.2297,linux_poll,-100.0,11.3,router,,[],[]
4428387.676509,1769347831367.7117,linux_poll,-100.0,11.5,router,,[],[]
4428438.387956999,1769347831418.4226,linux_poll,-100.0,11.6,router,,[],[]
4428487.559266999,1769347831467.595,linux_poll,-100.0,11.1,router,,[],[]
4428539.095454,1769347831519.1316,linux_poll,-100.0,11.3,router,,[],[]
4428588.701734999,1769347831568.738,linux_poll,-100.0,11.2,router,,[],[]
4428636.029024,1769347831616.065,linux_poll,-100.0,11.4,router,,[],[]
4428688.707141,1769347831668.7437,linux_poll,-100.0,11.3,router,,[],[]
4428737.709678,1769347831717.7444,linux_poll,-100.0,11.0,router,,[],[]
4428787.588354,1769347831767.6245,linux_poll,-100.0,11.2,router,,[],[]
4428839.399341,1769347831819.4358,linux_poll,-100.0,11.8,router,,[],[]
4428888.054654,1769347831868.091,linux_poll,-100.0,11.3,router,,[],[]
4428939.5154639995,1769347831919.551,linux_poll,-100.0,11.1,router,,[],[]
4428988.637632,1769347831968.673,linux_poll,-100.0,11.5,router,,[],[]
4429040.70667,1769347832020.7424,linux_poll,-100.0,11.6,router,,[],[]
4429089.1741160005,1769347832069.2097,linux_poll,-100.0,11.2,router,,[],[]
4429138.186288,1769347832118.2217,linux_poll,-100.0,11.3,router,,[],[]
4429188.789098,1769347832168.8245,linux_poll,-100.0,11.5,router,,[],[]
4429239.148879,1769347832219.185,linux_poll,-100.0,11.0,router,,[],[]
4429286.612046001,1769347832266.6465,linux_poll,-100.0,11.1,router,,[],[]
4429337.5219789995,1769347832317.5579,linux_poll,-100.0,11.1,router,,[],[]
4429389.462340999,1769347832369.4968,linux_poll,-100.0,11.4,router,,[],[]
4429440.654389,1769347832420.691,linux_poll,-100.0,11.4,router,,[],[]
4429488.660306,1769347832468.6963,linux_poll,-100.0,11.2,router,,[],[]
4429540.768205,1769347832520.8047,linux_poll,-100.0,11.2,router,,[],[]
4429589.336449999,1769347832569.3718,linux_poll,-100.0,11.6,router,,[],[]
4429641.1946600005,1769347832621.2302,linux_poll,-100.0,11.3,router,,[],[]
4429690.078264,1769347832670.1133,linux_poll,-100.0,11.5,router,,[],[]
4429738.505309001,1769347832718.5403,linux_poll,-100.0,11.2,router,,[],[]
4429790.874782,1769347832770.9104,linux_poll,-100.0,11.4,router,,[],[]
4429842.843954001,1769347832822.8801,linux_poll,-100.0,11.4,router,,[],[]
4429889.785041001,1769347832869.8208,linux_poll,-100.0,11.3,router,,[],[]
4429940.8075399995,1769347832920.8435,linux_poll,-100.0,11.2,router,,[],[]
4429991.780964,1769347832971.8164,linux_poll,-100.0,11.3,router,,[],[]
4430034.718078,1769347833014.754,linux_poll,-100.0,11.2,router,,[],[]
4430088.876038,1769347833068.9119,linux_poll,-100.0,11.6,router,,[],[]
4430141.8051660005,1769347833121.841,linux_poll,-100.0,11.3,router,,[],[]
4430190.566718,1769347833170.6013,linux_poll,-100.0,11.0,router,,[],[]
4430241.60391,1769347833221.6423,linux_poll,-100.0,11.1,router,,[],[]
4430280.935051,1769347833260.968,linux_poll,-100.0,11.3,router,,[],[]
4430340.737361,1769347833320.7734,linux_poll,-100.0,11.4,router,,[],[]
4430391.870975,1769347833371.9065,linux_poll,-100.0,11.4,router,,[],[]
4430442.892728,1769347833422.928,linux_poll,-100.0,11.1,router,,[],[]
4430488.764158,1769347833468.8,linux_poll,-100.0,11.2,router,,[],[]
4430542.544050001,1769347833522.5793,linux_poll,-100.0,11.3,router,,[],[]
4430592.842371999,1769347833572.8782,linux_poll,-100.0,11.1,router,,[],[]
4430643.226501,1769347833623.265,linux_poll,-100.0,11.0,router,,[],[]
4430690.743349,1769347833670.7786,linux_poll,-100.0,11.3,router,,[],[]
4430743.714449001,1769347833723.7493,linux_poll,-100.0,11.2,router,,[],[]
4430793.62941,1769347833773.6626,linux_poll,-100.0,11.1,router,,[],[]
4430846.077088,1769347833826.1133,linux_poll,-100.0,11.5,router,,[],[]
4430893.206483,1769347833873.2415,linux_poll,-100.0,11.1,router,,[],[]
4430942.624224,1769347833922.66,linux_poll,-100.0,11.4,router,,[],[]
4430993.349849,1769347833973.3816,linux_poll,-100.0,11.2,router,,[],[]
4431044.244379,1769347834024.2805,linux_poll,-100.0,11.4,router,,[],[]
4431092.640632001,1769347834072.6768,linux_poll,-100.0,11.4,router,,[],[]
4431144.613783,1769347834124.6484,linux_poll,-100.0,11.2,router,,[],[]
4431194.225969001,1769347834174.2607,linux_poll,-100.0,11.1,router,,[],[]
4431245.547579,1769347834225.5842,linux_poll,-100.0,11.4,router,,[],[]
4431292.487146,1769347834272.5242,linux_poll,-100.0,11.4,router,,[],[]
4431342.99447,1769347834323.03,linux_poll,-100.0,11.3,router,,[],[]
4431393.578996,1769347834373.6143,linux_poll,-100.0,11.1,router,,[],[]
4431445.759885,1769347834425.7932,linux_poll,-100.0,11.4,router,,[],[]
4431496.191337,1769347834476.2273,linux_poll,-100.0,11.6,router,,[],[]
4431544.5438480005,1769347834524.5789,linux_poll,-100.0,11.3,router,,[],[]
4431590.820319,1769347834570.8547,linux_poll,-100.0,11.5,router,,[],[]
4431646.558391999,1769347834626.5933,linux_poll,-100.0,11.3,router,,[],[]
4431694.456801,1769347834674.4932,linux_poll,-100.0,11.0,router,,[],[]
4431744.712838,1769347834724.7473,linux_poll,-100.0,11.4,router,,[],[]
4431795.68045,1769347834775.7156,linux_poll,-100.0,11.5,router,,[],[]
4431844.742711,1769347834824.7769,linux_poll,-100.0,11.0,router,,[],[]
4431894.699937,1769347834874.736,linux_poll,-100.0,11.2,router,,[],[]
4431942.860221,1769347834922.8967,linux_poll,-100.0,11.6,router,,[],[]
4431993.434205,1769347834973.4683,linux_poll,-100.0,11.8,router,,[],[]
4432046.660156,1769347835026.6936,linux_poll,-100.0,11.4,router,,[],[]
4432096.696208,1769347835076.7307,linux_poll,-100.0,11.3,router,,[],[]
4432145.537226,1769347835125.573,linux_poll,-100.0,11.3,router,,[],[]
4432195.850636,1769347835175.886,linux_poll,-100.0,11.1,router,,[],[]
4432244.745786,1769347835224.7798,linux_poll,-100.0,11.2,router,,[],[]
4432297.66666,1769347835277.7017,linux_poll,-100.0,11.6,router,,[],[]
4432347.558428001,1769347835327.5942,linux_poll,-100.0,11.0,router,,[],[]
4432398.328913,1769347835378.362,linux_poll,-100.0,11.4,router,,[],[]
4432447.3309470005,1769347835427.367,linux_poll,-100.0,11.2,router,,[],[]
4432494.638197999,1769347835474.674,linux_poll,-100.0,11.4,router,,[],[]
4432546.663294,1769347835526.6978,linux_poll,-100.0,11.1,router,,[],[]
4432594.212224999,1769347835574.2473,linux_poll,-100.0,11.3,router,,[],[]
4432645.621816999,1769347835625.6567,linux_poll,-100.0,11.1,router,,[],[]
4432696.791842,1769347835676.827,linux_poll,-100.0,11.5,router,,[],[]
4432744.574899,1769347835724.6082,linux_poll,-100.0,11.4,router,,[],[]
4432790.241631,1769347835770.2766,linux_poll,-100.0,11.5,router,,[],[]
4432845.654847001,1769347835825.692,linux_poll,-100.0,11.4,router,,[],[]
4432896.325736,1769347835876.3608,linux_poll,-100.0,11.2,router,,[],[]
4432954.083423,1769347835934.118,linux_poll,-100.0,11.5,router,,[],[]
4432989.699063,1769347835969.7334,linux_poll,-100.0,11.5,router,,[],[]
4433047.709321001,1769347836027.7446,linux_poll,-100.0,11.4,router,,[],[]
4433101.423547001,1769347836081.4578,linux_poll,-100.0,11.5,router,,[],[]
4433149.058041,1769347836129.0928,linux_poll,-100.0,11.0,router,,[],[]
4433200.304816,1769347836180.3396,linux_poll,-100.0,11.4,router,,[],[]
4433246.527331,1769347836226.5637,linux_poll,-100.0,11.5,router,,[],[]
4433297.685938,1769347836277.721,linux_poll,-100.0,11.1,router,,[],[]
4433350.844089,1769347836330.8777,linux_poll,-100.0,11.4,router,,[],[]
4433399.85441,1769347836379.8894,linux_poll,-100.0,11.5,router,,[],[]
4433449.415123,1769347836429.45,linux_poll,-100.0,11.5,router,,[],[]
4433499.362683,1769347836479.399,linux_poll,-100.0,11.4,router,,[],[]
4433549.747424,1769347836529.782,linux_poll,-100.0,11.1,router,,[],[]
4433600.839781,1769347836580.8743,linux_poll,-100.0,11.1,router,,[],[]
4433651.450383,1769347836631.486,linux_poll,-100.0,11.2,router,,[],[]
4433696.432562999,1769347836676.4673,linux_poll,-100.0,11.4,router,,[],[]
4433747.744177,1769347836727.7798,linux_poll,-100.0,11.0,router,,[],[]
4433800.680889,1769347836780.7148,linux_poll,-100.0,11.1,router,,[],[]
4433845.945901,1769347836825.9836,linux_poll,-100.0,11.1,router,,[],[]
4433896.4377729995,1769347836876.4736,linux_poll,-100.0,11.3,router,,[],[]
4433949.779677,1769347836929.8162,linux_poll,-100.0,11.5,router,,[],[]
4434004.447989,1769347836984.4844,linux_poll,-100.0,11.4,router,,[],[]
4434048.876762,1769347837028.9126,linux_poll,-100.0,11.1,router,,[],[]
4434100.916262,1769347837080.9517,linux_poll,-100.0,11.5,router,,[],[]
4434149.855308999,1769347837129.8904,linux_poll,-100.0,11.4,router,,[],[]
4434197.781693,1769347837177.8174,linux_poll,-100.0,11.2,router,,[],[]
4434251.765742,1769347837231.801,linux_poll,-100.0,11.2,router,,[],[]
4434300.851501,1769347837280.8862,linux_poll,-100.0,11.3,router,,[],[]
4434352.8510030005,1769347837332.8843,linux_poll,-100.0,11.2,router,,[],[]
4434398.475431001,1769347837378.5105,linux_poll,-100.0,11.4,router,,[],[]
4434451.3273020005,1769347837431.363,linux_poll,-100.0,11.6,router,,[],[]
4434500.896118,1769347837480.931,linux_poll,-100.0,11.3,router,,[],[]
4434554.422548,1769347837534.4585,linux_poll,-100.0,11.5,router,,[],[]
4434598.348825,1769347837578.385,linux_poll,-100.0,11.2,router,,[],[]
4434649.483886,1769347837629.521,linux_poll,-100.0,11.2,router,,[],[]
4434699.961604,1769347837679.9954,linux_poll,-100.0,11.3,router,,[],[]
4434758.945593,1769347837738.9802,linux_poll,-100.0,11.7,router,,[],[]
4434799.087199,1769347837779.1216,linux_poll,-100.0,11.5,router,,[],[]
4434851.809728,1769347837831.8445,linux_poll,-100.0,11.5,router,,[],[]
4434903.588861,1769347837883.6238,linux_poll,-100.0,11.2,router,,[],[]
4434952.413013,1769347837932.447,linux_poll,-100.0,11.0,router,,[],[]
4435002.393804001,1769347837982.428,linux_poll,-100.0,11.3,router,,[],[]
4435056.850006,1769347838036.8813,linux_poll,-100.0,11.5,router,,[],[]
4435106.405994,1769347838086.4402,linux_poll,-100.0,11.3,router,,[],[]
4435150.018422,1769347838130.0388,linux_poll,-100.0,11.3,router,,[],[]
4435203.411495999,1769347838183.4458,linux_poll,-100.0,11.2,router,,[],[]
4435248.953506,1769347838228.9844,linux_poll,-100.0,11.3,router,,[],[]
4435300.292181,1769347838280.3281,linux_poll,-100.0,11.4,router,,[],[]
4435350.50423,1769347838330.5393,linux_poll,-100.0,11.1,router,,[],[]
4435404.341776,1769347838384.377,linux_poll,-100.0,11.3,router,,[],[]
4435447.737327999,1769347838427.7744,linux_poll,-100.0,11.4,router,,[],[]
4435500.229573,1769347838480.2644,linux_poll,-100.0,10.8,router,,[],[]
4435552.852361999,1769347838532.8867,linux_poll,-100.0,11.2,router,,[],[]
4435605.768241,1769347838585.8032,linux_poll,-100.0,11.4,router,,[],[]
4435651.29454,1769347838631.3325,linux_poll,-100.0,11.3,router,,[],[]
4435705.901104,1769347838685.936,linux_poll,-100.0,11.4,router,,[],[]
4435756.710869,1769347838736.7446,linux_poll,-100.0,11.3,router,,[],[]
4435804.364446,1769347838784.399,linux_poll,-100.0,11.1,router,,[],[]
4435854.675206,1769347838834.7092,linux_poll,-100.0,11.4,router,,[],[]
4435906.777431,1769347838886.8115,linux_poll,-100.0,11.4,router,,[],[]
4435956.333574001,1769347838936.368,linux_poll,-100.0,11.1,router,,[],[]
4436006.074516,1769347838986.11,linux_poll,-100.0,11.3,router,,[],[]
4436056.65115,1769347839036.6865,linux_poll,-100.0,11.5,router,,[],[]
4436102.178197,1769347839082.2126,linux_poll,-100.0,11.4,router,,[],[]
4436161.618219,1769347839141.6538,linux_poll,-100.0,11.5,router,,[],[]
4436204.101598,1769347839184.1372,linux_poll,-100.0,11.2,router,,[],[]
4436255.071401,1769347839235.1052,linux_poll,-100.0,11.3,router,,[],[]
4436307.351368,1769347839287.3838,linux_poll,-100.0,11.3,router,,[],[]
4436357.18406,1769347839337.219,linux_poll,-100.0,11.2,router,,[],[]
4436406.085175,1769347839386.12,linux_poll,-100.0,11.2,router,,[],[]
4436453.212065,1769347839433.2476,linux_poll,-100.0,11.5,router,,[],[]
4436509.086282,1769347839489.1208,linux_poll,-100.0,11.1,router,,[],[]
4436556.2976629995,1769347839536.331,linux_poll,-100.0,11.4,router,,[],[]
4436604.704415999,1769347839584.7402,linux_poll,-100.0,11.4,router,,[],[]
4436657.710588,1769347839637.745,linux_poll,-100.0,11.5,router,,[],[]
4436709.131784,1769347839689.166,linux_poll,-100.0,11.4,router,,[],[]
4436756.251568,1769347839736.2847,linux_poll,-100.0,11.5,router,,[],[]
4436806.667823,1769347839786.703,linux_poll,-100.0,11.4,router,,[],[]
4436850.5247639995,1769347839830.56,linux_poll,-100.0,11.0,router,,[],[]
4436908.658947,1769347839888.694,linux_poll,-100.0,11.1,router,,[],[]
4436958.612183,1769347839938.647,linux_poll,-100.0,11.4,router,,[],[]
4437007.653837,1769347839987.6895,linux_poll,-100.0,11.3,router,,[],[]
4437057.95956,1769347840037.9956,linux_poll,-100.0,11.5,router,,[],[]
4437112.96157,1769347840092.9985,linux_poll,-100.0,11.4,router,,[],[]
4437157.1956859995,1769347840137.2305,linux_poll,-100.0,11.1,router,,[],[]
4437206.083348,1769347840186.1191,linux_poll,-100.0,11.2,router,,[],[]
4437258.685939,1769347840238.722,linux_poll,-100.0,11.5,router,,[],[]
4437309.246306,1769347840289.2815,linux_poll,-100.0,11.2,router,,[],[]
4437361.120537,1769347840341.1558,linux_poll,-100.0,11.0,router,,[],[]
4437405.2020620005,1769347840385.2378,linux_poll,-100.0,11.3,router,,[],[]
4437459.312632,1769347840439.3481,linux_poll,-100.0,11.4,router,,[],[]
4437515.759604,1769347840495.7954,linux_poll,-100.0,11.1,router,,[],[]
4437558.553189,1769347840538.589,linux_poll,-100.0,11.1,router,,[],[]
4437608.651164,1769347840588.6873,linux_poll,-100.0,11.4,router,,[],[]
4437658.2347760005,1769347840638.2703,linux_poll,-100.0,11.2,router,,[],[]
4437710.328707,1769347840690.3635,linux_poll,-100.0,11.4,router,,[],[]
4437760.633938,1769347840740.6692,linux_poll,-100.0,11.5,router,,[],[]
4437805.280913,1769347840785.3164,linux_poll,-100.0,11.2,router,,[],[]
4437860.440296,1769347840840.4763,linux_poll,-100.0,11.5,router,,[],[]
4437906.194784,1769347840886.231,linux_poll,-100.0,11.2,router,,[],[]
4437962.701359,1769347840942.734,linux_poll,-100.0,11.5,router,,[],[]
4438006.56083,1769347840986.5972,linux_poll,-100.0,11.4,router,,[],[]
4438060.226354,1769347841040.2622,linux_poll,-100.0,11.1,router,,[],[]
4438110.202292,1769347841090.2373,linux_poll,-100.0,11.1,router,,[],[]
4438161.695998999,1769347841141.7312,linux_poll,-100.0,11.5,router,,[],[]
4438210.094962,1769347841190.1316,linux_poll,-100.0,11.5,router,,[],[]
4438258.0165760005,1769347841238.0396,linux_poll,-100.0,11.5,router,,[],[]
4438312.887483,1769347841292.9229,linux_poll,-100.0,11.8,router,,[],[]
4438360.127204,1769347841340.1626,linux_poll,-100.0,11.3,router,,[],[]
4438412.657182,1769347841392.6914,linux_poll,-100.0,11.5,router,,[],[]
4438460.547208999,1769347841440.5818,linux_poll,-100.0,11.3,router,,[],[]
4438512.428795001,1769347841492.4634,linux_poll,-100.0,11.4,router,,[],[]
4438561.26186,1769347841541.2974,linux_poll,-100.0,11.2,router,,[],[]
4438612.469212,1769347841592.504,linux_poll,-100.0,11.2,router,,[],[]
4438663.057611,1769347841643.0923,linux_poll,-100.0,11.5,router,,[],[]
4438710.097623,1769347841690.1338,linux_poll,-100.0,11.7,router,,[],[]
4438761.716073,1769347841741.7512,linux_poll,-100.0,11.4,router,,[],[]
4438813.682057,1769347841793.7178,linux_poll,-100.0,11.2,router,,[],[]
4438863.886174,1769347841843.9211,linux_poll,-100.0,11.1,router,,[],[]
4438912.733682999,1769347841892.7693,linux_poll,-100.0,11.4,router,,[],[]
4438962.852667,1769347841942.8872,linux_poll,-100.0,11.4,router,,[],[]
4439012.451497001,1769347841992.485,linux_poll,-100.0,11.4,router,,[],[]
4439063.748044,1769347842043.7869,linux_poll,-100.0,11.5,router,,[],[]
4439106.868885,1769347842086.9036,linux_poll,-100.0,11.6,router,,[],[]
4439163.460584,1769347842143.4946,linux_poll,-100.0,11.6,router,,[],[]
4439211.449202,1769347842191.4836,linux_poll,-100.0,11.3,router,,[],[]
4439262.4527050005,1769347842242.4875,linux_poll,-100.0,11.2,router,,[],[]
4439312.859792001,1769347842292.8958,linux_poll,-100.0,11.5,router,,[],[]
4439362.467109,1769347842342.5032,linux_poll,-100.0,11.2,router,,[],[]
4439414.86718,1769347842394.9011,linux_poll,-100.0,11.1,router,,[],[]
4439465.627222,1769347842445.6619,linux_poll,-100.0,11.4,router,,[],[]
4439511.825525,1769347842491.8591,linux_poll,-100.0,11.4,router,,[],[]
4439564.929444,1769347842544.9634,linux_poll,-100.0,11.3,router,,[],[]
4439615.716811,1769347842595.7515,linux_poll,-100.0,11.5,router,,[],[]
4439664.585767999,1769347842644.6194,linux_poll,-100.0,11.2,router,,[],[]
4439711.607263,1769347842691.6414,linux_poll,-100.0,11.4,router,,[],[]
4439762.223768,1769347842742.2585,linux_poll,-100.0,11.5,router,,[],[]
4439815.692099,1769347842795.727,linux_poll,-100.0,11.2,router,,[],[]
4439862.667045,1769347842842.7017,linux_poll,-100.0,11.3,router,,[],[]
4439915.186066001,1769347842895.2202,linux_poll,-100.0,11.2,router,,[],[]
4439964.622189,1769347842944.6572,linux_poll,-100.0,11.4,router,,[],[]
4440018.57314,1769347842998.6077,linux_poll,-100.0,11.6,router,,[],[]
4440060.637592,1769347843040.6733,linux_poll,-100.0,11.6,router,,[],[]
4440115.0775810005,1769347843095.1116,linux_poll,-100.0,11.3,router,,[],[]
4440166.147677,1769347843146.183,linux_poll,-100.0,11.4,router,,[],[]
4440214.669998,1769347843194.7056,linux_poll,-100.0,11.1,router,,[],[]
4440264.292367,1769347843244.3271,linux_poll,-100.0,11.5,router,,[],[]
4440316.696802,1769347843296.7312,linux_poll,-100.0,11.1,router,,[],[]
4440366.743705,1769347843346.7793,linux_poll,-100.0,11.4,router,,[],[]
4440417.69197,1769347843397.7266,linux_poll,-100.0,11.3,router,,[],[]
4440465.731783,1769347843445.7664,linux_poll,-100.0,11.2,router,,[],[]
4440518.243528,1769347843498.278,linux_poll,-100.0,11.5,router,,[],[]
4440565.209164,1769347843545.2427,linux_poll,-100.0,11.3,router,,[],[]
4440617.318085999,1769347843597.3523,linux_poll,-100.0,11.1,router,,[],[]
4440665.700971,1769347843645.7354,linux_poll,-100.0,11.3,router,,[],[]
4440714.550612,1769347843694.5833,linux_poll,-100.0,11.4,router,,[],[]
4440765.681676,1769347843745.7163,linux_poll,-100.0,11.3,router,,[],[]
4440820.205022,1769347843800.2385,linux_poll,-100.0,16.0,router,,[],[]
4440866.681553,1769347843846.7156,linux_poll,-100.0,11.5,router,,[],[]
4440914.938764,1769347843894.9744,linux_poll,-100.0,11.2,router,,[],[]
4440970.515145,1769347843950.5515,linux_poll,-100.0,11.2,router,,[],[]
4441017.337146,1769347843997.373,linux_poll,-100.0,11.5,router,,[],[]
4441068.69935,1769347844048.7334,linux_poll,-100.0,11.6,router,,[],[]
4441117.191892,1769347844097.2275,linux_poll,-100.0,11.1,router,,[],[]
4441165.463769,1769347844145.4978,linux_poll,-100.0,11.2,router,,[],[]
4441217.7940609995,1769347844197.8281,linux_poll,-100.0,11.1,router,,[],[]
4441269.634074001,1769347844249.669,linux_poll,-100.0,11.5,router,,[],[]
4441315.789079,1769347844295.8237,linux_poll,-100.0,11.6,router,,[],[]
4441367.409518001,1769347844347.4446,linux_poll,-100.0,11.2,router,,[],[]
4441418.244717,1769347844398.2788,linux_poll,-100.0,11.8,router,,[],[]
4441471.523594,1769347844451.5579,linux_poll,-100.0,13.9,router,,[],[]
4441519.878619,1769347844499.9126,linux_poll,-100.0,11.3,router,,[],[]
4441566.059208,1769347844546.0947,linux_poll,-100.0,11.0,router,,[],[]
4441618.881665,1769347844598.9163,linux_poll,-100.0,11.3,router,,[],[]
4441670.559297999,1769347844650.5925,linux_poll,-100.0,11.5,router,,[],[]
4441718.864616999,1769347844698.8992,linux_poll,-100.0,11.3,router,,[],[]
4441766.911512,1769347844746.946,linux_poll,-100.0,11.5,router,,[],[]
4441815.8271820005,1769347844795.863,linux_poll,-100.0,11.0,router,,[],[]
4441869.464245999,1769347844849.4985,linux_poll,-100.0,11.1,router,,[],[]
4441919.464157,1769347844899.4978,linux_poll,-100.0,11.3,router,,[],[]
4441967.891711,1769347844947.926,linux_poll,-100.0,11.1,router,,[],[]
4442020.366051,1769347845000.4014,linux_poll,-100.0,11.3,router,,[],[]
4442068.8464089995,1769347845048.8809,linux_poll,-100.0,11.1,router,,[],[]
4442121.517114,1769347845101.5562,linux_poll,-100.0,11.4,router,,[],[]
4442164.913487,1769347845144.9482,linux_poll,-100.0,11.4,router,,[],[]
4442218.846186,1769347845198.8816,linux_poll,-100.0,11.3,router,,[],[]
4442267.866521,1769347845247.9019,linux_poll,-100.0,11.4,router,,[],[]
4442322.669489,1769347845302.7046,linux_poll,-100.0,11.1,router,,[],[]
4442370.916401,1769347845350.949,linux_poll,-100.0,11.3,router,,[],[]
4442421.06226,1769347845401.0974,linux_poll,-100.0,12.1,router,,[],[]
4442471.461876,1769347845451.4966,linux_poll,-100.0,11.1,router,,[],[]
4442521.91509,1769347845501.95,linux_poll,-100.0,11.1,router,,[],[]
4442572.478659,1769347845552.514,linux_poll,-100.0,12.0,router,,[],[]
4442620.8233819995,1769347845600.8596,linux_poll,-100.0,11.1,router,,[],[]
4442672.473101,1769347845652.508,linux_poll,-100.0,11.1,router,,[],[]
4442721.747363,1769347845701.781,linux_poll,-100.0,11.5,router,,[],[]
4442774.85955,1769347845754.8955,linux_poll,-100.0,11.4,router,,[],[]
4442829.839111,1769347845809.8757,linux_poll,-100.0,18.1,router,,[],[]
4442871.886624,1769347845851.9224,linux_poll,-100.0,11.2,router,,[],[]
4442923.3572120005,1769347845903.3923,linux_poll,-100.0,11.0,router,,[],[]
4442973.40643,1769347845953.4421,linux_poll,-100.0,11.4,router,,[],[]
4443022.520675,1769347846002.5564,linux_poll,-100.0,11.5,router,,[],[]
4443072.854284,1769347846052.8901,linux_poll,-100.0,11.1,router,,[],[]
4443123.870174,1769347846103.9062,linux_poll,-100.0,11.4,router,,[],[]
4443174.466932,1769347846154.5024,linux_poll,-100.0,11.2,router,,[],[]
4443221.933482001,1769347846201.969,linux_poll,-100.0,11.6,router,,[],[]
4443273.752364,1769347846253.788,linux_poll,-100.0,11.2,router,,[],[]
4443322.93327,1769347846302.9675,linux_poll,-100.0,11.3,router,,[],[]
4443373.870319,1769347846353.9053,linux_poll,-100.0,11.3,router,,[],[]
4443422.795294,1769347846402.8306,linux_poll,-100.0,11.0,router,,[],[]
4443472.381837999,1769347846452.4172,linux_poll,-100.0,11.4,router,,[],[]
4443523.409909001,1769347846503.4458,linux_poll,-100.0,11.2,router,,[],[]
4443573.82512,1769347846553.8604,linux_poll,-100.0,11.1,router,,[],[]
4443621.387685,1769347846601.4233,linux_poll,-100.0,11.3,router,,[],[]
4443673.913911001,1769347846653.9492,linux_poll,-100.0,11.2,router,,[],[]
4443727.469567,1769347846707.5032,linux_poll,-100.0,11.5,router,,[],[]
4443773.681594,1769347846753.7166,linux_poll,-100.0,11.6,router,,[],[]
4443823.593249,1769347846803.6282,linux_poll,-100.0,11.1,router,,[],[]
4443875.341552,1769347846855.3767,linux_poll,-100.0,11.3,router,,[],[]
4443926.3173,1769347846906.3506,linux_poll,-100.0,11.2,router,,[],[]
4443976.675314,1769347846956.7107,linux_poll,-100.0,11.2,router,,[],[]
4444021.588716,1769347847001.6243,linux_poll,-100.0,11.3,router,,[],[]
4444074.667572,1769347847054.703,linux_poll,-100.0,11.4,router,,[],[]
4444127.339335999,1769347847107.3733,linux_poll,-100.0,11.0,router,,[],[]
4444175.722575,1769347847155.7573,linux_poll,-100.0,11.2,router,,[],[]
4444225.660837,1769347847205.697,linux_poll,-100.0,11.2,router,,[],[]
4444273.591951,1769347847253.6274,linux_poll,-100.0,11.1,router,,[],[]
4444326.687168,1769347847306.723,linux_poll,-100.0,11.1,router,,[],[]
4444377.656934,1769347847357.691,linux_poll,-100.0,11.3,router,,[],[]
4444428.540285,1769347847408.5762,linux_poll,-100.0,12.4,router,,[],[]
4444475.579913,1769347847455.615,linux_poll,-100.0,11.0,router,,[],[]
4444529.286381,1769347847509.322,linux_poll,-100.0,11.5,router,,[],[]
4444576.74685,1769347847556.7808,linux_poll,-100.0,11.4,router,,[],[]
4444627.656455,1769347847607.6917,linux_poll,-100.0,11.3,router,,[],[]
4444671.503164,1769347847651.5388,linux_poll,-100.0,11.2,router,,[],[]
4444726.689275,1769347847706.7246,linux_poll,-100.0,11.5,router,,[],[]
4444779.284999,1769347847759.3188,linux_poll,-100.0,11.4,router,,[],[]
4444840.2629579995,1769347847820.2964,linux_poll,-100.0,19.8,router,,[],[]
4444883.639668,1769347847863.6746,linux_poll,-100.0,11.2,router,,[],[]
4444938.726866,1769347847918.763,linux_poll,-100.0,11.0,router,,[],[]
4444983.3853440005,1769347847963.418,linux_poll,-100.0,11.3,router,,[],[]
4445029.795929,1769347848009.8318,linux_poll,-100.0,11.4,router,,[],[]
4445082.755865,1769347848062.7903,linux_poll,-100.0,11.2,router,,[],[]
4445134.679888001,1769347848114.7146,linux_poll,-100.0,11.4,router,,[],[]
4445184.239991999,1769347848164.2747,linux_poll,-100.0,11.2,router,,[],[]
4445235.625704,1769347848215.6619,linux_poll,-100.0,11.4,router,,[],[]
4445283.965349999,1769347848264.0002,linux_poll,-100.0,11.3,router,,[],[]
4445334.092325,1769347848314.1252,linux_poll,-100.0,11.0,router,,[],[]
4445383.247086,1769347848363.283,linux_poll,-100.0,11.1,router,,[],[]
4445434.530889,1769347848414.567,linux_poll,-100.0,11.3,router,,[],[]
4445482.573355,1769347848462.6094,linux_poll,-100.0,11.1,router,,[],[]
4445535.042799,1769347848515.077,linux_poll,-100.0,11.1,router,,[],[]
4445581.209795,1769347848561.2449,linux_poll,-100.0,11.5,router,,[],[]
4445636.0732889995,1769347848616.11,linux_poll,-100.0,11.2,router,,[],[]
4445683.559492,1769347848663.5955,linux_poll,-100.0,11.3,router,,[],[]
4445735.660012,1769347848715.6953,linux_poll,-100.0,11.4,router,,[],[]
4445784.715277,1769347848764.7502,linux_poll,-100.0,11.2,router,,[],[]
4445836.583288,1769347848816.6174,linux_poll,-100.0,11.1,router,,[],[]
4445878.363087,1769347848858.4011,linux_poll,-100.0,11.2,router,,[],[]
4445935.604518,1769347848915.6401,linux_poll,-100.0,11.0,router,,[],[]
4445987.639884,1769347848967.6753,linux_poll,-100.0,11.1,router,,[],[]
4446035.583651,1769347849015.6199,linux_poll,-100.0,11.4,router,,[],[]
4446087.326533999,1769347849067.3618,linux_poll,-100.0,11.5,router,,[],[]
4446136.133137,1769347849116.1682,linux_poll,-100.0,11.3,router,,[],[]
4446186.4766299995,1769347849166.511,linux_poll,-100.0,11.6,router,,[],[]
4446236.569138,1769347849216.6052,linux_poll,-100.0,11.3,router,,[],[]
4446284.134203,1769347849264.1697,linux_poll,-100.0,11.4,router,,[],[]
4446334.825666,1769347849314.8604,linux_poll,-100.0,11.5,router,,[],[]
4446386.83084,1769347849366.8662,linux_poll,-100.0,11.1,router,,[],[]
4446435.170742,1769347849415.2087,linux_poll,-100.0,11.3,router,,[],[]
4446485.379993,1769347849465.415,linux_poll,-100.0,11.0,router,,[],[]
4446535.952243,1769347849515.987,linux_poll,-100.0,11.3,router,,[],[]
4446586.881812,1769347849566.9175,linux_poll,-100.0,11.3,router,,[],[]
4446636.299373,1769347849616.336,linux_poll,-100.0,11.3,router,,[],[]
4446686.4063800005,1769347849666.4417,linux_poll,-100.0,11.5,router,,[],[]
4446737.700201,1769347849717.735,linux_poll,-100.0,11.1,router,,[],[]
4446788.836453,1769347849768.8733,linux_poll,-100.0,11.1,router,,[],[]
4446839.019979,1769347849819.0566,linux_poll,-100.0,11.9,router,,[],[]
4446887.817787,1769347849867.8528,linux_poll,-100.0,11.4,router,,[],[]
4446937.684552999,1769347849917.7185,linux_poll,-100.0,11.4,router,,[],[]
4446988.811633,1769347849968.846,linux_poll,-100.0,11.5,router,,[],[]
4447042.442131,1769347850022.4778,linux_poll,-100.0,11.5,router,,[],[]
4447087.450977,1769347850067.4858,linux_poll,-100.0,11.2,router,,[],[]
4447137.79754,1769347850117.8323,linux_poll,-100.0,11.1,router,,[],[]
4447185.864863,1769347850165.9004,linux_poll,-100.0,11.4,router,,[],[]
4447237.850342,1769347850217.8857,linux_poll,-100.0,11.3,router,,[],[]
4447288.422056,1769347850268.4573,linux_poll,-100.0,11.1,router,,[],[]
4447338.817872,1769347850318.8538,linux_poll,-100.0,11.3,router,,[],[]
4447388.984801,1769347850369.02,linux_poll,-100.0,11.3,router,,[],[]
4447431.657196,1769347850411.6946,linux_poll,-100.0,11.0,router,,[],[]
4447488.632328,1769347850468.6675,linux_poll,-100.0,11.2,router,,[],[]
4447538.894417,1769347850518.9285,linux_poll,-100.0,11.2,router,,[],[]
4447586.6558799995,1769347850566.691,linux_poll,-100.0,11.6,router,,[],[]
4447638.596961,1769347850618.6353,linux_poll,-100.0,11.4,router,,[],[]
4447690.871142999,1769347850670.906,linux_poll,-100.0,11.1,router,,[],[]
4447738.425551,1769347850718.46,linux_poll,-100.0,11.1,router,,[],[]
4447790.653193001,1769347850770.6877,linux_poll,-100.0,11.2,router,,[],[]
4447837.3877220005,1769347850817.424,linux_poll,-100.0,11.5,router,,[],[]
4447888.760986,1769347850868.796,linux_poll,-100.0,11.4,router,,[],[]
4447931.206274,1769347850911.2417,linux_poll,-100.0,11.4,router,,[],[]
4447976.1892180005,1769347850956.2278,linux_poll,-100.0,11.1,router,,[],[]
4448024.615823001,1769347851004.6533,linux_poll,-100.0,11.3,router,,[],[]
4448075.51198,1769347851055.55,linux_poll,-100.0,11.3,router,,[],[]
4448124.610306,1769347851104.6472,linux_poll,-100.0,11.3,router,,[],[]
4448176.221403001,1769347851156.259,linux_poll,-100.0,11.4,router,,[],[]
4448227.615838,1769347851207.654,linux_poll,-100.0,11.2,router,,[],[]
4448276.759622,1769347851256.7983,linux_poll,-100.0,11.5,router,,[],[]
4448327.500128,1769347851307.538,linux_poll,-100.0,11.1,router,,[],[]
4448376.620999,1769347851356.6597,linux_poll,-100.0,11.1,router,,[],[]
4448428.182556001,1769347851408.2197,linux_poll,-100.0,11.3,router,,[],[]
4448477.177987,1769347851457.216,linux_poll,-100.0,11.2,router,,[],[]
4448526.620969,1769347851506.6587,linux_poll,-100.0,11.3,router,,[],[]
4448577.166926,1769347851557.2048,linux_poll,-100.0,11.3,router,,[],[]
4448626.717901,1769347851606.7556,linux_poll,-100.0,11.2,router,,[],[]
4448677.608586,1769347851657.6472,linux_poll,-100.0,11.3,router,,[],[]
4448728.634740001,1769347851708.6719,linux_poll,-100.0,11.4,router,,[],[]
4448777.202242,1769347851757.2405,linux_poll,-100.0,11.0,router,,[],[]
4448828.193067,1769347851808.232,linux_poll,-100.0,11.4,router,,[],[]
4448878.805058,1769347851858.8423,linux_poll,-100.0,11.6,router,,[],[]
4448929.226046,1769347851909.2644,linux_poll,-100.0,11.2,router,,[],[]
4448978.625814,1769347851958.6636,linux_poll,-100.0,11.2,router,,[],[]
4449040.395315,1769347852020.4321,linux_poll,-100.0,11.5,router,,[],[]
4449079.152496,1769347852059.1904,linux_poll,-100.0,11.2,router,,[],[]
4449144.68637,1769347852124.7224,linux_poll,-100.0,11.5,router,,[],[]
4449194.460868,1769347852174.4973,linux_poll,-100.0,11.5,router,,[],[]
4449242.988027,1769347852223.0232,linux_poll,-100.0,11.6,router,,[],[]
4449292.699174,1769347852272.7356,linux_poll,-100.0,11.4,router,,[],[]
4449343.806147,1769347852323.8413,linux_poll,-100.0,11.4,router,,[],[]
4449392.714168,1769347852372.7488,linux_poll,-100.0,11.2,router,,[],[]
4449444.656048,1769347852424.6958,linux_poll,-100.0,11.5,router,,[],[]
4449488.381307,1769347852468.4177,linux_poll,-100.0,11.4,router,,[],[]
4449544.8729179995,1769347852524.9082,linux_poll,-100.0,11.7,router,,[],[]
4449593.839094999,1769347852573.8745,linux_poll,-100.0,11.3,router,,[],[]
4449643.740073,1769347852623.776,linux_poll,-100.0,11.2,router,,[],[]
4449693.898406,1769347852673.9343,linux_poll,-100.0,11.6,router,,[],[]
4449744.738133,1769347852724.7742,linux_poll,-100.0,11.1,router,,[],[]
4449794.690702,1769347852774.7258,linux_poll,-100.0,11.4,router,,[],[]
4449844.65594,1769347852824.6902,linux_poll,-100.0,11.5,router,,[],[]
4449895.255816,1769347852875.2905,linux_poll,-100.0,11.3,router,,[],[]
4449943.895772001,1769347852923.9324,linux_poll,-100.0,11.2,router,,[],[]
4449993.795288,1769347852973.831,linux_poll,-100.0,11.5,router,,[],[]
4450041.488029,1769347853021.5232,linux_poll,-100.0,11.4,router,,[],[]
4450089.254393999,1769347853069.2932,linux_poll,-100.0,11.3,router,,[],[]
4450130.646671,1769347853110.6846,linux_poll,-100.0,11.2,router,,[],[]
4450180.180851,1769347853160.2197,linux_poll,-100.0,11.3,router,,[],[]
4450231.217219001,1769347853211.2551,linux_poll,-100.0,11.2,router,,[],[]
4450280.129036,1769347853260.1677,linux_poll,-100.0,11.3,router,,[],[]
4450330.253655,1769347853310.2876,linux_poll,-100.0,11.3,router,,[],[]
4450380.586721,1769347853360.6252,linux_poll,-100.0,11.4,router,,[],[]
4450431.593912,1769347853411.6318,linux_poll,-100.0,11.1,router,,[],[]
4450481.210282,1769347853461.249,linux_poll,-100.0,11.1,router,,[],[]
4450531.167499,1769347853511.2053,linux_poll,-100.0,11.2,router,,[],[]
4450581.189417,1769347853561.227,linux_poll,-100.0,11.5,router,,[],[]
4450635.716158,1769347853615.7522,linux_poll,-100.0,11.4,router,,[],[]
4450697.383805,1769347853677.4192,linux_poll,-100.0,11.4,router,,[],[]
4450743.429191001,1769347853723.4636,linux_poll,-100.0,11.5,router,,[],[]
4450793.5413770005,1769347853773.5771,linux_poll,-100.0,11.3,router,,[],[]
4450846.819386,1769347853826.8547,linux_poll,-100.0,11.3,router,,[],[]
4450890.40769,1769347853870.4417,linux_poll,-100.0,11.1,router,,[],[]
4450948.294802001,1769347853928.3308,linux_poll,-100.0,11.1,router,,[],[]
4450995.859965,1769347853975.8965,linux_poll,-100.0,11.2,router,,[],[]
4451047.497331,1769347854027.536,linux_poll,-100.0,11.4,router,,[],[]
4451094.821723,1769347854074.8577,linux_poll,-100.0,11.2,router,,[],[]
4451145.815043,1769347854125.85,linux_poll,-100.0,11.1,router,,[],[]
4451195.419796,1769347854175.4558,linux_poll,-100.0,11.3,router,,[],[]
4451241.5508240005,1769347854221.5889,linux_poll,-100.0,11.3,router,,[],[]
4451293.865011,1769347854273.9006,linux_poll,-100.0,11.3,router,,[],[]
4451344.379803,1769347854324.415,linux_poll,-100.0,11.4,router,,[],[]
4451396.815458,1769347854376.8506,linux_poll,-100.0,11.4,router,,[],[]
4451448.304969,1769347854428.342,linux_poll,-100.0,11.1,router,,[],[]
4451497.476698,1769347854477.5134,linux_poll,-100.0,11.5,router,,[],[]
4451546.803446,1769347854526.839,linux_poll,-100.0,11.5,router,,[],[]
4451598.470678999,1769347854578.5063,linux_poll,-100.0,11.5,router,,[],[]
4451648.40904,1769347854628.4453,linux_poll,-100.0,11.3,router,,[],[]
4451699.552188,1769347854679.5876,linux_poll,-100.0,11.1,router,,[],[]
4451749.465717999,1769347854729.5022,linux_poll,-100.0,11.4,router,,[],[]
4451796.602309001,1769347854776.6377,linux_poll,-100.0,11.3,router,,[],[]
4451847.9159079995,1769347854827.952,linux_poll,-100.0,11.6,router,,[],[]
4451898.953633999,1769347854878.9888,linux_poll,-100.0,11.6,router,,[],[]
4451945.866434,1769347854925.9026,linux_poll,-100.0,11.3,router,,[],[]
4451997.8229950005,1769347854977.8582,linux_poll,-100.0,11.5,router,,[],[]
4452050.799644,1769347855030.8335,linux_poll,-100.0,11.7,router,,[],[]
4452094.83126,1769347855074.8665,linux_poll,-100.0,11.1,router,,[],[]
4452147.822195,1769347855127.858,linux_poll,-100.0,11.2,router,,[],[]
4452195.289796,1769347855175.3245,linux_poll,-100.0,11.1,router,,[],[]
4452248.444651,1769347855228.479,linux_poll,-100.0,11.3,router,,[],[]
4452300.865788,1769347855280.9014,linux_poll,-100.0,11.2,router,,[],[]
4452347.757442,1769347855327.7935,linux_poll,-100.0,11.4,router,,[],[]
4452399.743314,1769347855379.7773,linux_poll,-100.0,11.2,router,,[],[]
4452451.409587,1769347855431.4448,linux_poll,-100.0,11.3,router,,[],[]
4452501.239581,1769347855481.2754,linux_poll,-100.0,11.7,router,,[],[]
4452549.019955001,1769347855529.0417,linux_poll,-100.0,11.3,router,,[],[]
4452600.573287,1769347855580.6077,linux_poll,-100.0,12.6,router,,[],[]
4452650.387785999,1769347855630.4219,linux_poll,-100.0,11.1,router,,[],[]
4452702.227252,1769347855682.262,linux_poll,-100.0,11.3,router,,[],[]
4452750.555131,1769347855730.5913,linux_poll,-100.0,11.5,router,,[],[]
4452796.362906,1769347855776.3972,linux_poll,-100.0,11.3,router,,[],[]
4452850.332086,1769347855830.3667,linux_poll,-100.0,11.2,router,,[],[]
4452901.216743,1769347855881.2517,linux_poll,-100.0,11.0,router,,[],[]
4452948.641431,1769347855928.6775,linux_poll,-100.0,11.1,router,,[],[]
4453000.616328,1769347855980.6516,linux_poll,-100.0,11.3,router,,[],[]
4453052.714732,1769347856032.7495,linux_poll,-100.0,11.6,router,,[],[]
4453102.650978001,1769347856082.6865,linux_poll,-100.0,11.0,router,,[],[]
4453150.529425999,1769347856130.5662,linux_poll,-100.0,11.2,router,,[],[]
4453203.151474999,1769347856183.1877,linux_poll,-100.0,11.7,router,,[],[]
4453251.669484,1769347856231.7053,linux_poll,-100.0,11.3,router,,[],[]
4453301.794729,1769347856281.8286,linux_poll,-100.0,11.5,router,,[],[]
4453351.44939,1769347856331.4863,linux_poll,-100.0,11.5,router,,[],[]
4453400.807921,1769347856380.8425,linux_poll,-100.0,11.5,router,,[],[]
4453452.665681,1769347856432.7007,linux_poll,-100.0,11.5,router,,[],[]
4453503.142328,1769347856483.1777,linux_poll,-100.0,11.4,router,,[],[]
4453554.661684,1769347856534.6968,linux_poll,-100.0,11.2,router,,[],[]
4453602.808728999,1769347856582.8442,linux_poll,-100.0,11.3,router,,[],[]
4453651.352649,1769347856631.3862,linux_poll,-100.0,11.5,router,,[],[]
4453705.45651,1769347856685.4905,linux_poll,-100.0,11.7,router,,[],[]
4453753.364332001,1769347856733.4,linux_poll,-100.0,11.4,router,,[],[]
4453803.334263,1769347856783.3694,linux_poll,-100.0,11.4,router,,[],[]
4453852.973251,1769347856833.009,linux_poll,-100.0,11.7,router,,[],[]
4453903.403333,1769347856883.4392,linux_poll,-100.0,11.5,router,,[],[]
4453956.265169,1769347856936.2996,linux_poll,-100.0,11.1,router,,[],[]
4454004.66467,1769347856984.6987,linux_poll,-100.0,11.5,router,,[],[]
4454051.7387729995,1769347857031.7734,linux_poll,-100.0,11.4,router,,[],[]
4454105.812527,1769347857085.847,linux_poll,-100.0,11.7,router,,[],[]
4454154.69855,1769347857134.7344,linux_poll,-100.0,11.3,router,,[],[]
4454205.517751,1769347857185.5513,linux_poll,-100.0,11.6,router,,[],[]
4454254.728793,1769347857234.763,linux_poll,-100.0,11.3,router,,[],[]
4454306.435716,1769347857286.469,linux_poll,-100.0,11.8,router,,[],[]
4454354.209629,1769347857334.245,linux_poll,-100.0,11.5,router,,[],[]
4454405.681473,1769347857385.7163,linux_poll,-100.0,11.7,router,,[],[]
4454456.327989,1769347857436.362,linux_poll,-100.0,11.9,router,,[],[]
4454508.638917,1769347857488.673,linux_poll,-100.0,12.5,router,,[],[]
4454554.746957,1769347857534.7817,linux_poll,-100.0,11.6,router,,[],[]
4454606.361768,1769347857586.3955,linux_poll,-100.0,11.8,router,,[],[]
4454655.285683,1769347857635.3198,linux_poll,-100.0,11.4,router,,[],[]
4454707.45639,1769347857687.4924,linux_poll,-100.0,11.4,router,,[],[]
4454755.297645,1769347857735.332,linux_poll,-100.0,11.5,router,,[],[]
4454807.671781,1769347857787.7073,linux_poll,-100.0,11.5,router,,[],[]
4454851.772471,1769347857831.8074,linux_poll,-100.0,11.7,router,,[],[]
4454908.72503,1769347857888.7588,linux_poll,-100.0,11.6,router,,[],[]
4454955.733335,1769347857935.769,linux_poll,-100.0,11.3,router,,[],[]
4455006.687751,1769347857986.7227,linux_poll,-100.0,11.5,router,,[],[]
4455056.623879,1769347858036.6594,linux_poll,-100.0,11.4,router,,[],[]
4455108.690338,1769347858088.7244,linux_poll,-100.0,11.3,router,,[],[]
4455155.401996001,1769347858135.4368,linux_poll,-100.0,11.5,router,,[],[]
4455204.42549,1769347858184.4587,linux_poll,-100.0,11.3,router,,[],[]
4455257.631642,1769347858237.6665,linux_poll,-100.0,11.3,router,,[],[]
4455307.28372,1769347858287.319,linux_poll,-100.0,11.2,router,,[],[]
4455353.830915,1769347858333.8665,linux_poll,-100.0,11.3,router,,[],[]
4455404.7353,1769347858384.7717,linux_poll,-100.0,11.5,router,,[],[]
4455458.896285,1769347858438.9307,linux_poll,-100.0,11.5,router,,[],[]
4455507.947895,1769347858487.9817,linux_poll,-100.0,11.1,router,,[],[]
4455556.7924959995,1769347858536.8274,linux_poll,-100.0,11.0,router,,[],[]
4455607.856664,1769347858587.8918,linux_poll,-100.0,11.1,router,,[],[]
4455654.833203,1769347858634.8684,linux_poll,-100.0,11.3,router,,[],[]
4455709.836929,1769347858689.8713,linux_poll,-100.0,11.4,router,,[],[]
4455752.822319999,1769347858732.8562,linux_poll,-100.0,11.3,router,,[],[]
4455808.602013,1769347858788.6353,linux_poll,-100.0,11.2,router,,[],[]
4455857.498877,1769347858837.5337,linux_poll,-100.0,11.4,router,,[],[]
4455906.476244001,1769347858886.5103,linux_poll,-100.0,11.5,router,,[],[]
4455958.436,1769347858938.4712,linux_poll,-100.0,11.6,router,,[],[]
4456009.937791,1769347858989.9717,linux_poll,-100.0,11.4,router,,[],[]
4456060.764099,1769347859040.799,linux_poll,-100.0,12.3,router,,[],[]
4456109.080395,1769347859089.1155,linux_poll,-100.0,11.7,router,,[],[]
4456159.41459,1769347859139.4504,linux_poll,-100.0,11.5,router,,[],[]
4456210.854176,1769347859190.8892,linux_poll,-100.0,11.2,router,,[],[]
4456260.780087,1769347859240.8152,linux_poll,-100.0,11.6,router,,[],[]
4456311.42345,1769347859291.4573,linux_poll,-100.0,11.4,router,,[],[]
4456358.335642001,1769347859338.371,linux_poll,-100.0,11.3,router,,[],[]
4456407.814883,1769347859387.8494,linux_poll,-100.0,11.3,router,,[],[]
4456455.731304,1769347859435.7668,linux_poll,-100.0,11.4,router,,[],[]
4456512.438411,1769347859492.4727,linux_poll,-100.0,11.2,router,,[],[]
4456554.763352,1769347859534.796,linux_poll,-100.0,11.1,router,,[],[]
4456610.421364,1769347859590.4556,linux_poll,-100.0,11.4,router,,[],[]
4456662.5082910005,1769347859642.5427,linux_poll,-100.0,11.2,router,,[],[]
4456711.857930001,1769347859691.8909,linux_poll,-100.0,11.0,router,,[],[]
4456755.800586,1769347859735.8357,linux_poll,-100.0,10.7,router,,[],[]
4456811.7245889995,1769347859791.7583,linux_poll,-100.0,11.4,router,,[],[]
4456860.562426,1769347859840.5957,linux_poll,-100.0,11.4,router,,[],[]
4456911.385255,1769347859891.4194,linux_poll,-100.0,11.1,router,,[],[]
4456957.737981,1769347859937.7722,linux_poll,-100.0,10.9,router,,[],[]
4457011.871855,1769347859991.907,linux_poll,-100.0,11.5,router,,[],[]
4457061.586373,1769347860041.6208,linux_poll,-100.0,11.4,router,,[],[]
4457113.924266,1769347860093.9578,linux_poll,-100.0,11.3,router,,[],[]
4457158.496489,1769347860138.53,linux_poll,-100.0,11.1,router,,[],[]
4457210.767644,1769347860190.802,linux_poll,-100.0,11.2,router,,[],[]
4457258.870732999,1769347860238.9055,linux_poll,-100.0,11.2,router,,[],[]
4457311.696248,1769347860291.7295,linux_poll,-100.0,11.5,router,,[],[]
4457358.656416,1769347860338.692,linux_poll,-100.0,11.5,router,,[],[]
4457417.382723,1769347860397.4172,linux_poll,-100.0,11.1,router,,[],[]
4457459.885364,1769347860439.9194,linux_poll,-100.0,11.3,router,,[],[]
4457513.672048001,1769347860493.7058,linux_poll,-100.0,11.5,router,,[],[]
4457560.924946001,1769347860540.9597,linux_poll,-100.0,11.0,router,,[],[]
4457613.901641,1769347860593.937,linux_poll,-100.0,11.5,router,,[],[]
4457663.860052999,1769347860643.8955,linux_poll,-100.0,11.1,router,,[],[]
4457710.380191,1769347860690.413,linux_poll,-100.0,11.1,router,,[],[]
4457761.542033,1769347860741.5771,linux_poll,-100.0,11.4,router,,[],[]
4457813.22525,1769347860793.258,linux_poll,-100.0,11.4,router,,[],[]
4457861.302610001,1769347860841.336,linux_poll,-100.0,11.3,router,,[],[]
4457913.454496,1769347860893.488,linux_poll,-100.0,11.5,router,,[],[]
4457963.963889,1769347860943.9993,linux_poll,-100.0,11.5,router,,[],[]
4458009.550249999,1769347860989.587,linux_poll,-100.0,11.3,router,,[],[]
4458065.217042,1769347861045.252,linux_poll,-100.0,11.5,router,,[],[]
4458114.669659,1769347861094.7043,linux_poll,-100.0,11.5,router,,[],[]
4458160.088835,1769347861140.1233,linux_poll,-100.0,11.2,router,,[],[]
4458211.3370240005,1769347861191.3728,linux_poll,-100.0,11.1,router,,[],[]
4458258.24618,1769347861238.2812,linux_poll,-100.0,11.5,router,,[],[]
4458313.81029,1769347861293.8457,linux_poll,-100.0,11.3,router,,[],[]
4458363.591411999,1769347861343.6274,linux_poll,-100.0,11.3,router,,[],[]
4458414.089461,1769347861394.1235,linux_poll,-100.0,11.2,router,,[],[]
4458465.651470999,1769347861445.6853,linux_poll,-100.0,11.1,router,,[],[]
4458513.242688,1769347861493.2776,linux_poll,-100.0,11.0,router,,[],[]
4458564.215129,1769347861544.2517,linux_poll,-100.0,11.4,router,,[],[]
4458616.9869719995,1769347861597.0215,linux_poll,-100.0,12.1,router,,[],[]
4458661.3592880005,1769347861641.393,linux_poll,-100.0,11.4,router,,[],[]
4458718.2111060005,1769347861698.2473,linux_poll,-100.0,11.6,router,,[],[]
4458764.61773,1769347861744.654,linux_poll,-100.0,11.2,router,,[],[]
4458816.356807,1769347861796.3914,linux_poll,-100.0,11.3,router,,[],[]
4458869.7779129995,1769347861849.8108,linux_poll,-100.0,11.5,router,,[],[]
4458915.21843,1769347861895.253,linux_poll,-100.0,11.2,router,,[],[]
4462049.213455001,1769347865029.2483,linux_poll,-100.0,11.1,router,,[],[]
4462093.187252,1769347865073.2222,linux_poll,-100.0,11.3,router,,[],[]
4462138.403155,1769347865118.4375,linux_poll,-100.0,11.5,router,,[],[]
4462191.585231001,1769347865171.6206,linux_poll,-100.0,11.3,router,,[],[]
4462243.519086,1769347865223.556,linux_poll,-100.0,11.2,router,,[],[]
4462283.9008909995,1769347865263.94,linux_poll,-100.0,11.3,router,,[],[]
4462325.8016099995,1769347865305.8398,linux_poll,-100.0,11.1,router,,[],[]
4462376.279237,1769347865356.3176,linux_poll,-100.0,11.5,router,,[],[]
4462442.506367,1769347865422.5437,linux_poll,-100.0,11.5,router,,[],[]
4462492.607638,1769347865472.6423,linux_poll,-100.0,11.2,router,,[],[]
4462544.939004,1769347865524.976,linux_poll,-100.0,11.1,router,,[],[]
4462577.756896,1769347865557.7937,linux_poll,-100.0,11.5,router,,[],[]
4462641.839924,1769347865621.8752,linux_poll,-100.0,12.2,router,,[],[]
4462694.948241999,1769347865674.9832,linux_poll,-100.0,11.3,router,,[],[]
